Search_Date_Time,Search_Engine,Search_Query,Result_Title
,Bing,gay pride,Gay pride - Wikipedia
,Bing,gay pride,NYC Pride 2020 | NYC Pride
,Bing,gay pride,Gay Pride - LGBT & Queer Voices
,Bing,gay pride,"Gay Pride | History, Flag, & Facts | Britannica"
,Bing,gay pride,"Gay Pride Calendar 2020 - Parades, routes, dates - misterb&b"
,Bing,gay pride,Pride Month: What to know about the LGBTQ celebration - CNN
,Bing,gay pride,"Gay Pride Apparel - Proud, Gay, & Sassy T-Shirts ..."
,Bing,gay pride,How queer clubs are handling the first pandemic Pride
,Bing,gay pride,Philly Pride Presents - Philly Gay Pride Events
,Bing,gay pride,"Denver Pride & Denver PrideFest: June 20-21, 2020 at Civic ..."
,Bing,gay pride,"EDGE Detroit, MI :: Detroit Gay Pride 2020"
,Bing,gay pride,Gay Pride Parades & Events: 2019 & 2020 Gay Pride Calendar ...
,Bing,gay pride,LA Gay Pride 2020 Los Angeles Gay Pride Parde and Party
,Bing,gay pride,Events - NYC Pride 2020 | NYC Pride
,Bing,gay pride,PRIDE : Target
,Bing,gay pride,"Titan Voice: Student finds community, pride in project ..."
,Bing,gay pride,"Palm Springs Gay Pride 2020: dates, parade, route - misterb&b"
,Bing,gay pride,Chicago Gay Pride 2020: Your Guide to Chicago Pride Fest ...
,Bing,gay pride,50 Best Gay Songs to Celebrate World Pride Month All Year Long
,Bing,gay pride,Pride Bracelet | Gay Pride Accessories - Rainbow Depot
,Bing,gay pride,Wheaton hosts Pride Week months after canceling author ...
,Bing,gay pride,Gay pride jewelry | Etsy
,Bing,gay pride,Gay Pride GIFs | Tenor
,Bing,gay pride,Moscow Pride - Wikipedia
,Bing,gay pride,LGBT Pride Merchandise Shop | Rainbow Depot
,Bing,gay pride,Celebrating Pride With… ‘The Closer’s Phillip Keene: He ...
,Bing,gay pride,"Gay Pride Calendar, Events and Parade Guide 2020 - Travel Gay"
,Bing,gay pride,25 Essential Gay Pride Songs: Rolling Stone Editor Picks ...
,Bing,gay pride,Minneapolis and St. Paul Twin Cities Gay Pride 2020
,Bing,gay pride,Gay pride mask | Etsy
,Bing,gay pride,"Gay Pride Images, Stock Photos & Vectors | Shutterstock"
,Bing,gay pride,Atlanta Pride – Official Site of the Atlanta Pride Committee
,Bing,gay pride,200+ gay pride events in 2020/2021 - international gay ...
,Bing,gay pride,Gay Pride Clothing : Target
,Bing,gay pride,"LGBTQ Rainbow Gay Pride Jewelry, Accessories, Clothing ..."
,Bing,gay pride,LOS ANGELES GAY PRIDE PARADE 2019 - YouTube
,Bing,gay pride,Shop Gay Pride Hoodies & Sweatshirts online | Spreadshirt
,Bing,gay pride,FREE DAILY SPECIALS - Pride Shack
,Bing,gay pride,The Official Pride Toronto Website
,Bing,gay pride,Celebrating 50 Years Of Pride - Google Search
,Bing,gay pride,Paris Gay Pride in 2020: Parade and Parties
,Bing,gay pride,Gay Pride Quotes (17 quotes) - Goodreads
,Bing,gay pride,Chicago’s gay grandaddy of tattooing | Pride 2020 ...
,Bing,gay pride,Cheniere Energy breaks industry barrier with gay pride ...
,Bing,gay pride,All Apparel and Accessories - Page 1 - Pride Shack - Gay ...
,Bing,gay pride,Morning Greetings - Just Do You - Gay Pride Flag Day - YouTube
,Bing,gay pride,Albuquerque celebrates Gay Pride at a distance | KOB 4
,Google,gay pride,NYC Pride 2020 | NYC Pride
,Google,gay pride,Events - NYC Pride 2020 | NYC Pride
,Google,gay pride,Gay Pride NYC 2020: WorldPride Info With Parade Route and Events
,Google,gay pride,NYC Pride March - Wikipedia
,Google,gay pride,Gay pride - Wikipedia
,Google,gay pride,Pride Week | Manhattan | Events - NYC - NYCgo
,Google,gay pride,"Heritage of Pride, Inc."
,Google,gay pride,Pride
,Google,gay pride,The Stonewall Inn
,Google,gay pride,2020 NYC Pride March
,Google,gay pride,Gay pride
,Google,gay pride,Pride parade
,Google,gay pride,"About | Lesbian, Gay, Bisexual, Transgender and Queer Pride Month"
,Google,gay pride,NYC Pride March: Highlights From the World's Biggest LGBTQ Pride ...
,Google,gay pride,2019 World Pride March & Parade in NYC (Highlights) - YouTube
,Google,gay pride,Gay Pride Parades & Events: 2019 & 2020 Gay Pride Calendar for ...
,Google,gay pride,"Pride Parade: 50 Years After Stonewall, a Joyous and Resolute ..."
,Google,gay pride,Your 2020 Virtual Pride Event Guide - The New York Times
,Google,gay pride,"New York Gay Pride 2020: dates, parade, route - misterb&b"
,Google,gay pride,"Gay Pride | History, Flag, & Facts | Britannica"
,Google,gay pride,The pain and possibility of thwarted gay pride celebrations - CNN.com
,Google,gay pride,14 virtual Pride events in NYC this year | 6sqft
,Google,gay pride,2020 Gay Pride March NYC Schedule & Parade Route - Chiff.com
,Google,gay pride,"6,441 New York City Gay Pride Parade Photos and Premium High ..."
,Google,gay pride,Austin Gay and Lesbian Pride Foundation
,Google,gay pride,"LGBT Pride Month 2020: What to know about its history, events ..."
,Google,gay pride,San Diego Pride | Welcome Home
,Google,gay pride,NYC Pride - Curbed NY
,Google,gay pride,Chicago Annual Pride Parade
,Google,gay pride,"PRIDE NORTHWEST, INC. - Portland"
,Google,gay pride,Baltimore Pride: Home
,Google,gay pride,"LGBT community in Houston – Pride Houston, Inc."
,Google,gay pride,Reclaim Pride Coalition
,Google,gay pride,NYC Pride - Home | Facebook
,Google,gay pride,"Columbus Pride Festival and Parade - Ohio Lesbian, Gay, Bisexual ..."
,Google,gay pride,Peaceful protest of Gay Pride flag's removal turns into ... - WWNY
,Google,gay pride,Harlem Pride: Home
,Google,gay pride,Village Pride Tour – NYC LGBT Historic Sites Project
,Google,gay pride,Capital Pride Alliance: Home
,Google,gay pride,Pride Month: LGBTQ rights intersect with black civil rights movement
,Google,gay pride,Cheniere Energy breaks industry barrier with gay pride month logo ...
,Google,gay pride,NYC Cancels Pride March For First Time In History - Forbes
,Google,gay pride,Denver PrideFest - Denver Pride
,Google,gay pride,Gay Pride Calendar
,Google,gay pride,New York City sees one of the largest gay pride parades in ...
,Google,gay pride,Long Beach Pride
,Google,gay pride,Gay Pride - LGBT & Queer Voices
,Google,gay pride,New York City Pride Weekend 2020 The - NYC - Gay Events
,Google,gay pride,#gaypride hashtag on Instagram • Photos and Videos
,Google,gay pride,The Stonewall Riots begin in NYC's Greenwich Village - HISTORY
,Google,gay pride,Police search for suspect who vandalized gay pride sign in Standish ...
,Google,gay pride,Millions celebrate LGBTQ pride in New York amid global fight for ...
,Google,gay pride,PRIDE MONTH - June 2020 | National Today
,Google,gay pride,"Pride 2020 - Gay Pride Flags, Bracelets & More | Hot Topic"
,Google,gay pride,"Gay Rainbow Sisters 18""x12"" Rainbow Pride Flag ... - Amazon.com"
,Google,gay pride,Seattle Pride: Home
,Google,gay pride,LGBTQI+ Pride Network | The MetroHealth System
,Google,gay pride,Minneapolis and St. Paul Twin Cities Gay Pride 2020 - TripSavvy
,Google,gay pride,Las Vegas PRIDE
,Google,gay pride,SpongeBob SquarePants Revealed as LGBTQ Ally for Pride Month
,Google,gay pride,Phoenix Pride – LGBTQ+ Pride
,Google,gay pride,"LGBT & Pride Clothing - Pride Shirts, Jeans & More | Levi's® US"
,Google,gay pride,200+ gay pride events in 2020/2021 - international gay pride calendar
,Google,gay pride,LGBT Pride - Lesbian Gay Bisexual Transgender Information - AARP
,Google,gay pride,LGBT Pride Month | PBS
,Google,gay pride,"How to Do Pride Marketing Right | Intelligence, BoF Professional | BoF"
,Google,gay pride,FAQ - San Francisco Pride
,Google,gay pride,'Queer Liberation March' sets stage for dueling NYC gay pride events
,Google,gay pride,Tuesday's Pride Cruise celebrates Gay Pride Month - Hendersonville
,Google,gay pride,"NYC Pride Events 2019: Every Gay Pride Month Parade, March ..."
,Google,gay pride,Brooklyn Community Pride Center – Connect to Your Center
,Google,gay pride,Chadwick Moore: White gay claims BLM is trying to 'colonise' Pride ...
,Google,gay pride,Why Gay Pride Is as Important as Ever – Variety
,Google,gay pride,NYC is all about pride as it celebrates Stonewall's 50th anniversary ...
,Google,gay pride,New York City's 'Gay Street' Renamed 'Acceptance Street' for Pride
,Google,gay pride,Little Falls Proudly Raises Rainbow Flag for First Annual Gay Pride ...
,Google,gay pride,Opinion | Remembering modest origins of D.C. Pride
,Google,gay pride,'Gay and Proud' Historical Film Provides Look Back at Early Pride ...
,Google,gay pride,Tuesday's Pride Cruise celebrates Gay Pride Month ... - Lexington
,Google,gay pride,"Amid Coronavirus Concerns, Will LGBTQ Pride Fests Still Happen In ..."
,Google,gay pride,best gay Pride events in the world - Nomadic Boys
,Google,gay pride,NYC's largest gay pride flag unveiled on Roosevelt Island - NYC
,Google,gay pride,"Lgbt Diversity, Lesbian Gay Transgender Bisexual ... - Northampton"
,Google,gay pride,Gay Pride - San Antonio - KSAT.com
,Google,gay pride,LGBT Pride - Support Campaign | Twibbon
,Google,gay pride,"On the 50th anniversary of the Stonewall Riots, where to ... - Chicago"
,Google,gay pride,"Sonoma County LGBTQI Pride - May 31 through June 2, 2019."
,Google,gay pride,"At Jerusalem's Request, U.S. Embassy Briefly Takes Down Its ... - NPR"
,Google,gay pride,Philly Pride: Touring the murals of the city's ... - 6abc Philadelphia
,Google,gay pride,Buy Rainbow Flags Online | All Gay Pride Banner Flags for Sale
,Google,gay pride,Stonewall 33: New York G.L.B.T. Gay Pride Parade - 2002 - NYC
,Google,gay pride,Guide to Gay Pride in the Sullivan Catskills for the LGBTQ+ ...
,Google,gay pride,"Hide/Seek: Portraits for LGBTQ+ Pride Month, Tuesday, June 23 ..."
,Google,gay pride,Stonewall Inn riots: How a history of protests led to LGBT Pride ...
,Google,gay pride,Farmers' market suspended after anti-pride-flag 'Karen' video ...
,Google,gay pride,"50 years after Stonewall, New York stages huge Gay Pride rally"
,Google,gay pride,Brooklyn Pride
,Google,gay pride,Atlanta Black Pride Weekend
,Google,gay pride,Stonewall Inn and Stonewall Riots - June is LGBTQ Pride Month ...
,Google,gay pride,Man imprisoned for burning pride flag said lesbian attorney was ...
,Google,gay pride,InterPride: Welcome
,Google,gay pride,LGBTQ Travel | Marriott Bonvoy Traveler
,Google,gay pride,SF LGBT Center: Homepage - San Francisco
,Google,gay pride,Home - Hudson Pride | A Home and a Voice - Jersey City
,Bing,black lives matter,Home - Black Lives Matter
,Bing,black lives matter,Black Lives Matter - Wikipedia
,Bing,black lives matter,"What Does ""Black Lives Matter"" Actually Mean? — Why Saying ..."
,Bing,black lives matter,Black Life Matters
,Bing,black lives matter,5 Things You Need To Know About Black Lives Matter | The ...
,Bing,black lives matter,"Black Lives Matter: Understanding Its Origins, History ..."
,Bing,black lives matter,Black Lives Matter - National Review
,Bing,black lives matter,The Danger of the “Black Lives Matter” Movement - Imprimis
,Bing,black lives matter,The lies told by the Black Lives Matter movement
,Bing,black lives matter,The Black Lives Matter movement explained | World Economic ...
,Bing,black lives matter,Black Lives Matter Leader Pens List Of 10 Demands For ...
,Bing,black lives matter,Black Lives Matter's agenda is about more than race | TheHill
,Bing,black lives matter,Exposing The Black Lives Matter Movement For What It Is ...
,Bing,black lives matter,Black Lives Matter: A primer on what it is and what it ...
,Bing,black lives matter,What Is The Black Lives Matter Movement? - WorldAtlas
,Bing,black lives matter,Everything wrong with the Black Lives Matter movement ...
,Bing,black lives matter,Black Lives Matter Movement – Solidarity against police ...
,Bing,black lives matter,Black Lives Matter: Most Controversial Quotes And Statements
,Bing,black lives matter,Black Lives Matter - Home | Facebook
,Bing,black lives matter,How Black Lives Matter Is Bringing Back Traditional Marxism
,Bing,black lives matter,Black Lives Matter - Influence Watch
,Bing,black lives matter,The fallacy of the Black Lives Matter movement
,Bing,black lives matter,Twitter
,Bing,black lives matter,Home | Black Lives Matter Seattle-King County
,Bing,black lives matter,Did George Soros Fund Ferguson Protests and Black Lives ...
,Bing,black lives matter,Black Lives Matter movement | World | The Guardian
,Bing,black lives matter,"Black Lives Matter Images, Stock Photos & Vectors ..."
,Bing,black lives matter,The lies of Black Lives Matter - Washington Times
,Bing,black lives matter,Black Lives Matter cashes in with $100 million from ...
,Bing,black lives matter,Black Lives Matter Chicago – We work to end state violence ...
,Bing,black lives matter,The Real Agenda Behind Black Lives Matter | theTrumpet.com
,Bing,black lives matter,11 Things You Can Do To Help Black Lives Matter End Police ...
,Bing,black lives matter,"What is Black Lives Matter, what is the Kendall Jenner ..."
,Bing,black lives matter,Black Lives Matter Releases Policy Agenda - NBC News
,Bing,black lives matter,How should Christians view the Black Lives Matter movement ...
,Bing,black lives matter,60+ Powerful & Catchy Black Lives Matter Slogans - Inc ...
,Bing,black lives matter,Why Black Lives Matter doesn't focus on ‘black-on-black’ crime
,Bing,black lives matter,WARNING: The Real Power and Purpose ... - Black Community News
,Bing,black lives matter,11 Major Misconceptions About the Black Lives Matter Movement
,Bing,black lives matter,M4BL – Black like we never left
,Bing,black lives matter,Black lives matter hat | Etsy
,Bing,black lives matter,"Here’s Why It Hurts When People Say, “All Lives Matter ..."
,Bing,black lives matter,D.C. Area Black Lives Matter
,Bing,black lives matter,Black lives matter shirt | Etsy
,Bing,black lives matter,Black Lives Matter has a dark side that most Christians ...
,Bing,black lives matter,Black Lives Matter DC | A collective of Black Lives Matter ...
,Bing,black lives matter,BLM – Canada – All Black Lives Matter
,Bing,black lives matter,Black Lives Matter T-Shirts - Black Lives Matter T-Shirt ...
,Google,black lives matter,Black Lives Matter
,Google,black lives matter,Black Lives Matter - Wikipedia
,Google,black lives matter,Black Lives Matter movement: Live updates - CNN.com
,Google,black lives matter,Black Lives Matter - Home | Facebook
,Google,black lives matter,Black Lives Matter (@blklivesmatter) • Instagram photos and videos
,Google,black lives matter,Black Lives Matter forces LGBTQ organization to face its history of ...
,Google,black lives matter,Black Lives Matter
,Google,black lives matter,Explained: Why 'White Lives Matter' and 'All Lives Matter' misses the ...
,Google,black lives matter,Black Lives Matter Carrd
,Google,black lives matter,Black Lives Matter protests - Al Jazeera
,Google,black lives matter,Black Lives Matter movement | World | The Guardian
,Google,black lives matter,GOP lawmakers launch new attacks on Black Lives Matter protesters
,Google,black lives matter,"Majorities Across Racial, Ethnic Groups Express Support for the ..."
,Google,black lives matter,Teens Are on Front Lines of Black Lives Matters Protests - The New ...
,Google,black lives matter,Black Lives Matter: From Hashtag to Movement - ADL
,Google,black lives matter,Black Lives Matter | Netflix Official Site
,Google,black lives matter,Black Lives Matter protests: Mapping police violence across the USA ...
,Google,black lives matter,Black Lives Matter protests for fourth weekend - YouTube
,Google,black lives matter,Black Lives Matter DC
,Google,black lives matter,Black Lives Matter News & Videos - ABC News
,Google,black lives matter,How L.A. activists made Black Lives Matter a global movement - Los ...
,Google,black lives matter,"Black Lives Matter Protests Spread Quickly to White, Rural Areas ..."
,Google,black lives matter,'Everybody has their eyes on America': Black Lives Matter goes global
,Google,black lives matter,USA: End unlawful police violence against Black Lives Matter protests
,Google,black lives matter,Mapping Black Lives Matter Protests Around The World | Here & Now
,Google,black lives matter,"Statements supporting Black Lives Matter are not enough, schools ..."
,Google,black lives matter,"Black Lives Matter - latest news, breaking stories and comment - The ..."
,Google,black lives matter,Black Lives Matter Chicago – We work to end state violence and ...
,Google,black lives matter,Black Lives Matter: From Ferguson to Now - Rolling Stone
,Google,black lives matter,Black Lives Matter on Spotify
,Google,black lives matter,How The Recent Black Lives Matter Movement Gained Increased ...
,Google,black lives matter,Black Lives Matter: Latest News on the BLM Movement | Complex
,Google,black lives matter,Black Lives Matter protests reveal that white supremacy is a problem ...
,Google,black lives matter,"Black Lives Matter Protests, Social Distancing, and COVID-19 - NBER"
,Google,black lives matter,#BlackLivesMatter | American Civil Liberties Union
,Google,black lives matter,How Black Lives Matter Could Reshape the 2020 Elections | Time
,Google,black lives matter,"Libraries Respond: Black Lives Matter | Advocacy, Legislation & Issues"
,Google,black lives matter,A Black Lives Matter Co-Founder Explains Why This Time Is ...
,Google,black lives matter,[PDF] Black Lives Matter - The Sentencing Project
,Google,black lives matter,"Black Lives Matter moves to oust LA County's first black DA, saying ..."
,Google,black lives matter,Robert Johnson urges Black Lives Matter to form a political party
,Google,black lives matter,Black Lives Matter - AP News
,Google,black lives matter,Black Lives Matter hijacked by anti-Semitism - Financial Review
,Google,black lives matter,Bungie releases Destiny 2 items in support of Black Lives Matter ...
,Google,black lives matter,How Trump rallygoers explain Black Lives Matter protests to their ...
,Google,black lives matter,Black Lives Matter - BuzzFeed
,Google,black lives matter,Black Lives Matter At School
,Google,black lives matter,A Taco Bell employee says he was fired for supporting Black Lives ...
,Google,black lives matter,Black Lives Matter Syllabus - Taught and Designed by Frank Leon ...
,Google,black lives matter,49ers raise Black Lives Matter flag next to American flag
,Google,black lives matter,Why brands aren't running ads on Black Lives Matter content | The ...
,Google,black lives matter,Black Lives Matter: Talking about racism 'my job as a parent' - BBC ...
,Google,black lives matter,Black Lives Matter and Building a Movement for Racial Justice ...
,Google,black lives matter,Black Lives Matter - HuffPost
,Google,black lives matter,Black Lives Matter Global Network - Action Network
,Google,black lives matter,Black Lives Matter Seattle-King County: Home
,Google,black lives matter,Black Lives Matter: News and Updates on Murder Investigation ...
,Google,black lives matter,Two arrested outside Florissant police department over painting ...
,Google,black lives matter,Black Lives Matter – Thousand Currents
,Google,black lives matter,Black Lives Matter | Democracy Now!
,Google,black lives matter,Black Lives Matter protests have not led to spike in coronavirus ...
,Google,black lives matter,Lewis Hamilton 'positive change will come' after attending Black ...
,Google,black lives matter,How to Evaluate Coronavirus Risks from Black Lives Matter Protests ...
,Google,black lives matter,Black Lives Matter T-Shirt – Black Sabbath Official Store
,Google,black lives matter,History of the hashtag #BlackLivesMatter: Social activism on Twitter ...
,Google,black lives matter,Black Lives Matter: What you can do to help now and all year long ...
,Google,black lives matter,How to find a Black Lives Matter protest in your area this week - CNET
,Google,black lives matter,Black Lives Matter | Keppler Speakers
,Google,black lives matter,We support #BlackLivesMatter and encourage you to join the fight ...
,Google,black lives matter,Black Lives Matter Week Resources | Washington Education ...
,Google,black lives matter,Black Lives Matter. Converse.com
,Google,black lives matter,NYC to paint 'Black Lives Matter' in front of Trump Tower - New York ...
,Google,black lives matter,'Save America Rally' coming to challenge Black Lives Matter ...
,Google,black lives matter,Black Lives Matter - Aggregate
,Google,black lives matter,Black Lives Matter at School - Resources - NEA EdJustice
,Google,black lives matter,Movement for Black Lives
,Google,black lives matter,"City of Branson, Mo. caught in middle of Black Lives Matter movement"
,Google,black lives matter,Palmer police chief who once called Black Lives Matter protesters a ...
,Google,black lives matter,Black Lives Matter - A Reading List | Left Bank Books
,Google,black lives matter,Black Lives Matter protest on Lafayette Square pushed back | wusa9 ...
,Google,black lives matter,Statistics and Data - Black Lives Matter: Policing and Incarceration ...
,Google,black lives matter,Black Lives Matter - Influence Watch
,Google,black lives matter,"Black Lives Matter - Articles, Videos, Photos and More ..."
,Google,black lives matter,Black Lives Matter street art vandalized in Eugene | KMTR
,Google,black lives matter,LCBC church founder apologizes for 'inflammatory' comments about ...
,Google,black lives matter,Black Lives Matter protests have not led to a spike in coronavirus ...
,Google,black lives matter,More Than $4M Raised for Wrong Black Lives Matter Organization ...
,Google,black lives matter,GOP Rep. Hagedorn attacks Black Lives Matter | INFORUM
,Google,black lives matter,Black Lives Matter - 9News - Latest news and headlines from ...
,Google,black lives matter,How the Black Lives Matter Global Network is set up - PolitiFact
,Google,black lives matter,Black Lives Matter sign in Thousand Oaks vandalized by employees ...
,Google,black lives matter,What Black Lives Matter Means - Why Saying 'All Lives Matter ...
,Google,black lives matter,Black Lives Matter Donations Went To Unrelated Foundation
,Google,black lives matter,"Mike Wedderburn: Black Lives Matter is a cry for help, not an attack ..."
,Google,black lives matter,"Bethel, Ohio protests: Black Lives Matter meets small town America"
,Google,black lives matter,Black Lives Matter protests: Donald Trump threatens statue ...
,Bing,coronavirus deaths,"Coronavirus Update (Live): 9,176,722 Cases and 473,421 ..."
,Bing,coronavirus deaths,"Graphic: Coronavirus deaths in the U.S., per day"
,Bing,coronavirus deaths,Coronavirus Death Toll and Trends - Worldometer
,Bing,coronavirus deaths,Flu deaths vs. coronavirus deaths: These reasons show why ...
,Bing,coronavirus deaths,Provisional Death Counts for Coronavirus Disease 2019 ...
,Bing,coronavirus deaths,Coronavirus in the U.S.: Latest Map and Case Count - The ...
,Bing,coronavirus deaths,Mortality Analyses - Johns Hopkins Coronavirus Resource Center
,Bing,coronavirus deaths,Cases in the U.S. | CDC
,Bing,coronavirus deaths,Coronavirus Pandemic (COVID-19) - Statistics and Research ...
,Bing,coronavirus deaths,"United States Coronavirus: 2,388,050 Cases ... - Worldometer"
,Bing,coronavirus deaths,Coronavirus deaths by age: Older people are far more ...
,Bing,coronavirus deaths,Coronavirus deaths: U.S map shows number of fatalities ...
,Bing,coronavirus deaths,The Most Important Coronavirus Statistic: 42% Of U.S ...
,Bing,coronavirus deaths,Coronavirus (COVID-19) Deaths - Statistics and Research ...
,Bing,coronavirus deaths,"Coronavirus Age, Sex, Demographics (COVID-19) - Worldometer"
,Bing,coronavirus deaths,U.S. Coronavirus Cases and Deaths - Bloomberg.com
,Bing,coronavirus deaths,"United Kingdom Coronavirus: 305,289 Cases and 42,647 ..."
,Bing,coronavirus deaths,80% of US coronavirus deaths are among people 65 and up ...
,Bing,coronavirus deaths,How COVID-19 Deaths Are Counted - Scientific American
,Bing,coronavirus deaths,"U.S. coronavirus deaths: Tracking cases, deaths by state ..."
,Bing,coronavirus deaths,ISDH - Novel Coronavirus: Novel Coronavirus (COVID-19)
,Bing,coronavirus deaths,Celebrity deaths from the coronavirus and COVID-19 ...
,Bing,coronavirus deaths,Coronavirus death rate: What are the chances of dying ...
,Bing,coronavirus deaths,Coronavirus is not the leading cause of death in the US ...
,Bing,coronavirus deaths,Coronavirus Disease (COVID-19) Situation Reports
,Bing,coronavirus deaths,Massachusetts coronavirus deaths: Who is dying from COVID ...
,Bing,coronavirus deaths,Coronavirus Updates (COVID-19) Deaths & Cases per 1M ...
,Bing,coronavirus deaths,Coronavirus (COVID-19) live map tracker from Microsoft Bing
,Bing,coronavirus deaths,Coronavirus (COVID-19) - Google News
,Bing,coronavirus deaths,Why the US has the world's highest number of Covid-19 deaths
,Bing,coronavirus deaths,How COVID-19 Kills: The New Coronavirus Disease ... - NPR.org
,Bing,coronavirus deaths,COVID-19 deaths analyzed by race and ... - APM Research Lab
,Bing,coronavirus deaths,US coronavirus: Death totals compiled by CDC will now ...
,Bing,coronavirus deaths,Coronavirus: Celebrities who have died from COVID-19 - Los ...
,Bing,coronavirus deaths,Coronavirus statistics and information
,Bing,coronavirus deaths,Celebrities Who Have Died From Coronavirus (Photos)
,Bing,coronavirus deaths,Pennsylvania COVID-19 Numbers - Department of Health
,Bing,coronavirus deaths,Coronavirus Death Rate vs. Flu: How Deadly Is It? | Heavy.com
,Bing,coronavirus deaths,Coronavirus (COVID-19) Data Dashboard - Novel Coronavirus ...
,Bing,coronavirus deaths,COVID-19 Status Report | Georgia Department of Public Health
,Bing,coronavirus deaths,Coronavirus deaths per million by country | Statista
,Bing,coronavirus deaths,A seemingly healthy woman's sudden death is now the ... - CNN
,Bing,coronavirus deaths,Case Counts | coronavirus
,Bing,coronavirus deaths,Hospital Payments and the COVID-19 Death Count - FactCheck.org
,Bing,coronavirus deaths,Coronavirus News | Latest Updates & COVID-19 Outbreak Map ...
,Bing,coronavirus deaths,Birx says government is classifying all deaths of patients ...
,Bing,coronavirus deaths,Case data | Colorado COVID-19 Updates
,Bing,coronavirus deaths,Statistics » COVID-19 Daily Deaths
,Google,coronavirus deaths,"Coronavirus Update (Live): 9,499,199 ..."
,Google,coronavirus deaths,Coronavirus in New York City - The City
,Google,coronavirus deaths,Cases & Deaths by County | CDC
,Google,coronavirus deaths,"Model projects 179,106 coronavirus deaths in US by October 1"
,Google,coronavirus deaths,New York City reports first day with no confirmed coronavirus deaths ...
,Google,coronavirus deaths,COVID-19: Data Summary - NYC Health - NYC.gov
,Google,coronavirus deaths,"Live Blog: County Reports 332 New COVID-19 Cases, 6 More ..."
,Google,coronavirus deaths,"Oklahoma reports 482 new coronavirus cases, one additional death"
,Google,coronavirus deaths,"There Has Been an Increase in Other Causes of Deaths, Not Just ..."
,Google,coronavirus deaths,Coronavirus (COVID-19) Deaths - Statistics and Research - Our ...
,Google,coronavirus deaths,COVID-19: Data Details on Deaths - NYC Health - NYC.gov
,Google,coronavirus deaths,"Graphic: Coronavirus deaths in the U.S., per day - NBC News"
,Google,coronavirus deaths,CDC finds New York City coronavirus death toll may be thousands ...
,Google,coronavirus deaths,Novel Coronavirus Outbreak 2020 (COVID-19) :: Washington State ...
,Google,coronavirus deaths,LA County Department of Public Health
,Google,coronavirus deaths,"Illinois reports 64 more coronavirus deaths, 715 new cases days ..."
,Google,coronavirus deaths,Situation Update for COVID-19 - Minnesota Dept. of Health
,Google,coronavirus deaths,Data Dashboard - ADHS
,Google,coronavirus deaths,Coronavirus COVID-19 - Mississippi State Department of Health
,Google,coronavirus deaths,"Illinois Reports 715 New Coronavirus Cases, 64 Additional Deaths ..."
,Google,coronavirus deaths,COVID-19: Wisconsin Deaths | Wisconsin Department of Health ...
,Google,coronavirus deaths,COVID-19 Status Report | Georgia Department of Public Health
,Google,coronavirus deaths,CUNY system suffers more coronavirus deaths than any other ...
,Google,coronavirus deaths,COVID-19 Home - Sacramento County
,Google,coronavirus deaths,COVID-19 - CDPH - CA.gov
,Google,coronavirus deaths,Race gaps in COVID-19 deaths are even bigger than they appear
,Google,coronavirus deaths,North Dakota Coronavirus Cases - North Dakota Department of Health
,Google,coronavirus deaths,Cases - Health.Pa.gov
,Google,coronavirus deaths,"Mass. reports 172 new coronavirus cases, 48 new deaths; key ..."
,Google,coronavirus deaths,Why are so many people dying of COVID-19 in New York City ...
,Google,coronavirus deaths,"U.S. coronavirus deaths: Tracking cases, deaths by state and county ..."
,Google,coronavirus deaths,Lack of leadership 'greatest threat' in coronavirus fight: Live | News ...
,Google,coronavirus deaths,Covid-19 healthcare worker death toll: 679 deaths under ...
,Google,coronavirus deaths,COVID-19 Statistics | IDPH
,Google,coronavirus deaths,"Coronavirus updates: Up to 150K deaths possible by July 18, CDC ..."
,Google,coronavirus deaths,SC Testing Data & Projections (COVID-19) | SCDHEC
,Google,coronavirus deaths,NYC reports no new coronavirus deaths for first time since mid-March
,Google,coronavirus deaths,COVID-19 in Pierce County | Tacoma-Pierce County Health ...
,Google,coronavirus deaths,"Coronavirus: Florida sets new record with 5,500-plus new cases"
,Google,coronavirus deaths,[PDF] EISB COVID-19 Daily Update - County of San Diego
,Google,coronavirus deaths,"Coronavirus deaths in US top 100,000 - BBC News - BBC.com"
,Google,coronavirus deaths,"Coronavirus: U.S. Death Toll Hits 113,914 As Cases Pass 2 Million ..."
,Google,coronavirus deaths,"KCMO COVID-19 Totals | KCMO.gov - City of Kansas City, MO"
,Google,coronavirus deaths,• Coronavirus deaths per million by country | Statista
,Google,coronavirus deaths,[PDF] Nursing Home and ACF COVID Related Deaths ... - Health.NY.Gov
,Google,coronavirus deaths,Covid-19 news: UK health leaders warn of 'real risk' of a second ...
,Google,coronavirus deaths,COVID-19: Death Data in England – update 23rd June - CEBM
,Google,coronavirus deaths,"As US Nursing-Home Deaths Reach 50000, States Ease Lockdowns"
,Google,coronavirus deaths,"Texas coronavirus death toll passes 2,000 | The Texas Tribune"
,Google,coronavirus deaths,kycovid19.ky.gov
,Google,coronavirus deaths,Coronavirus disease 2019 - World Health Organization
,Google,coronavirus deaths,Coronavirus Updates - Phoebe Putney
,Google,coronavirus deaths,New DOH report: Coronavirus transmission increasing in Washington
,Google,coronavirus deaths,Coronavirus Illinois deaths mapped by county; COVID-19 victims ...
,Google,coronavirus deaths,"VDH: 59,514 total cases of COVID-19 in Virginia, 1,661 deaths"
,Google,coronavirus deaths,The people we've lost to coronavirus - CBS News
,Google,coronavirus deaths,Most US COVID-19 deaths have been in Democratic congressional ...
,Google,coronavirus deaths,A faster response could have prevented most U.S. Covid-19 deaths ...
,Google,coronavirus deaths,Coronavirus (COVID-19) current situation and case numbers ...
,Google,coronavirus deaths,Orange County reports highest number of single-day coronavirus ...
,Google,coronavirus deaths,"Coronavirus Map: Updated number of COVID-19 cases, deaths in ..."
,Google,coronavirus deaths,Coronavirus (COVID-19) Data Dashboard - Novel Coronavirus ...
,Google,coronavirus deaths,"Coronavirus Death Toll Tops 5,000 at Mass. Long-Term Care ..."
,Google,coronavirus deaths,Nursing homes continue to be hit hard by coronavirus deaths
,Google,coronavirus deaths,"Tarrant County Reports 460 New COVID-19 Cases Wednesday, 4 ..."
,Google,coronavirus deaths,"Florida sets new single-day record of COVID-19 with over 5,500 new ..."
,Google,coronavirus deaths,"COVID-19 Infections, Deaths Higher Among Those With Intellectual ..."
,Google,coronavirus deaths,"UPDATE: 37,235 COVID-19 cases, 556 deaths reported in ..."
,Google,coronavirus deaths,"Montgomery County reports 5 more coronavirus deaths, 38 new ..."
,Google,coronavirus deaths,Coronavirus Update: N.H. Reports 4 Additional COVID-19 Deaths ...
,Google,coronavirus deaths,"Arizona reports single-day high of 79 coronavirus deaths, but not all ..."
,Google,coronavirus deaths,"New Mexico reports 4 new deaths, 156 additional COVID-19 cases ..."
,Google,coronavirus deaths,COVID-19 Nursing Home Data | Data.CMS.gov
,Google,coronavirus deaths,"US could see 150,000 coronavirus deaths by July 18: CDC"
,Google,coronavirus deaths,Florida Department of Health Updates New COVID-19 Cases ...
,Google,coronavirus deaths,"New forecast predicts 180,000 U.S. deaths from COVID-19 by ..."
,Google,coronavirus deaths,"Oregon coronavirus death toll hits 195, statewide cases at 7,444 ..."
,Google,coronavirus deaths,"Updated New Mexico COVID-19 cases: Now at 10,990; four ..."
,Google,coronavirus deaths,The Uncounted Dead | FiveThirtyEight
,Google,coronavirus deaths,"San Bernardino County reports 397 new coronavirus cases, 11 ..."
,Google,coronavirus deaths,Coronavirus statistics: Latest numbers on COVID-19 cases and ...
,Google,coronavirus deaths,December deaths of California children may be coronavirus related ...
,Google,coronavirus deaths,Assessment of Deaths From COVID-19 and From Seasonal ...
,Google,coronavirus deaths,The US Death Rate From The Coronavirus Is 49 Times Higher Than ...
,Google,coronavirus deaths,"Coronavirus and COVID-19 research, safety information - Business ..."
,Google,coronavirus deaths,Drug recently shown to reduce coronavirus death risk could run out ...
,Google,coronavirus deaths,"Coronavirus Deaths in Latin America, Caribbean Surge Past 100000"
,Google,coronavirus deaths,Colorado amends coronavirus death count - says fewer have died of ...
,Google,coronavirus deaths,"Florida adds 5,511 coronavirus cases as weekly death average ticks ..."
,Google,coronavirus deaths,"Maine reports 23 new COVID-19 cases, no additional deaths ..."
,Google,coronavirus deaths,Coronavirus deaths in Stanislaus County CA reach 37 | Modesto Bee
,Google,coronavirus deaths,Coronavirus live updates: Ninth US death is confirmed - USA Today
,Google,coronavirus deaths,Coronavirus death toll at neighboring care facilities in Metro Detroit ...
,Google,coronavirus deaths,China ups coronavirus death toll | CIDRAP
,Google,coronavirus deaths,Illinois coronavirus deaths: Remembering those who lost their lives ...
,Google,coronavirus deaths,First known U.S. coronavirus death occurred on Feb. 6 in Santa ...2020-06-24 19:09:46.948163,Bing,coronavirus deaths,"Coronavirus Update (Live): 9,176,722 Cases and 473,421 ..."
2020-06-24 19:09:46.948218,Bing,coronavirus deaths,"Graphic: Coronavirus deaths in the U.S., per day"
2020-06-24 19:09:46.948244,Bing,coronavirus deaths,Coronavirus Death Toll and Trends - Worldometer
2020-06-24 19:09:46.948266,Bing,coronavirus deaths,Flu deaths vs. coronavirus deaths: These reasons show why ...
2020-06-24 19:09:46.948287,Bing,coronavirus deaths,Provisional Death Counts for Coronavirus Disease 2019 ...
2020-06-24 19:09:46.948308,Bing,coronavirus deaths,Coronavirus in the U.S.: Latest Map and Case Count - The ...
2020-06-24 19:09:46.948328,Bing,coronavirus deaths,Mortality Analyses - Johns Hopkins Coronavirus Resource Center
2020-06-24 19:09:46.948352,Bing,coronavirus deaths,Cases in the U.S. | CDC
2020-06-24 19:09:46.948372,Bing,coronavirus deaths,Coronavirus Pandemic (COVID-19) - Statistics and Research ...
2020-06-24 19:09:46.948393,Bing,coronavirus deaths,"United States Coronavirus: 2,388,050 Cases ... - Worldometer"
2020-06-24 19:09:46.948414,Bing,coronavirus deaths,Coronavirus deaths by age: Older people are far more ...
2020-06-24 19:09:46.948435,Bing,coronavirus deaths,Coronavirus deaths: U.S map shows number of fatalities ...
2020-06-24 19:09:46.948455,Bing,coronavirus deaths,The Most Important Coronavirus Statistic: 42% Of U.S ...
2020-06-24 19:09:46.948475,Bing,coronavirus deaths,Coronavirus (COVID-19) Deaths - Statistics and Research ...
2020-06-24 19:09:46.948495,Bing,coronavirus deaths,"Coronavirus Age, Sex, Demographics (COVID-19) - Worldometer"
2020-06-24 19:09:46.948514,Bing,coronavirus deaths,U.S. Coronavirus Cases and Deaths - Bloomberg.com
2020-06-24 19:09:46.948533,Bing,coronavirus deaths,"United Kingdom Coronavirus: 305,289 Cases and 42,647 ..."
2020-06-24 19:09:46.948552,Bing,coronavirus deaths,80% of US coronavirus deaths are among people 65 and up ...
2020-06-24 19:09:46.948572,Bing,coronavirus deaths,How COVID-19 Deaths Are Counted - Scientific American
2020-06-24 19:09:46.948592,Bing,coronavirus deaths,"U.S. coronavirus deaths: Tracking cases, deaths by state ..."
2020-06-24 19:09:46.948611,Bing,coronavirus deaths,ISDH - Novel Coronavirus: Novel Coronavirus (COVID-19)
2020-06-24 19:09:46.948630,Bing,coronavirus deaths,Celebrity deaths from the coronavirus and COVID-19 ...
2020-06-24 19:09:46.948650,Bing,coronavirus deaths,Coronavirus death rate: What are the chances of dying ...
2020-06-24 19:09:46.948669,Bing,coronavirus deaths,Coronavirus is not the leading cause of death in the US ...
2020-06-24 19:09:46.948688,Bing,coronavirus deaths,Coronavirus Disease (COVID-19) Situation Reports
2020-06-24 19:09:46.948707,Bing,coronavirus deaths,Massachusetts coronavirus deaths: Who is dying from COVID ...
2020-06-24 19:09:46.948727,Bing,coronavirus deaths,Coronavirus Updates (COVID-19) Deaths & Cases per 1M ...
2020-06-24 19:09:46.948747,Bing,coronavirus deaths,Coronavirus (COVID-19) live map tracker from Microsoft Bing
2020-06-24 19:09:46.948767,Bing,coronavirus deaths,Coronavirus (COVID-19) - Google News
2020-06-24 19:09:46.948786,Bing,coronavirus deaths,Why the US has the world's highest number of Covid-19 deaths
2020-06-24 19:09:46.948806,Bing,coronavirus deaths,How COVID-19 Kills: The New Coronavirus Disease ... - NPR.org
2020-06-24 19:09:46.948825,Bing,coronavirus deaths,COVID-19 deaths analyzed by race and ... - APM Research Lab
2020-06-24 19:09:46.948845,Bing,coronavirus deaths,US coronavirus: Death totals compiled by CDC will now ...
2020-06-24 19:09:46.948864,Bing,coronavirus deaths,Coronavirus: Celebrities who have died from COVID-19 - Los ...
2020-06-24 19:09:46.948883,Bing,coronavirus deaths,Coronavirus statistics and information
2020-06-24 19:09:46.948902,Bing,coronavirus deaths,Celebrities Who Have Died From Coronavirus (Photos)
2020-06-24 19:09:46.948926,Bing,coronavirus deaths,Pennsylvania COVID-19 Numbers - Department of Health
2020-06-24 19:09:46.948945,Bing,coronavirus deaths,Coronavirus Death Rate vs. Flu: How Deadly Is It? | Heavy.com
2020-06-24 19:09:46.948964,Bing,coronavirus deaths,Coronavirus (COVID-19) Data Dashboard - Novel Coronavirus ...
2020-06-24 19:09:46.948983,Bing,coronavirus deaths,COVID-19 Status Report | Georgia Department of Public Health
2020-06-24 19:09:46.949003,Bing,coronavirus deaths,Coronavirus deaths per million by country | Statista
2020-06-24 19:09:46.949021,Bing,coronavirus deaths,A seemingly healthy woman's sudden death is now the ... - CNN
2020-06-24 19:09:46.949041,Bing,coronavirus deaths,Case Counts | coronavirus
2020-06-24 19:09:46.949060,Bing,coronavirus deaths,Hospital Payments and the COVID-19 Death Count - FactCheck.org
2020-06-24 19:09:46.949079,Bing,coronavirus deaths,Coronavirus News | Latest Updates & COVID-19 Outbreak Map ...
2020-06-24 19:09:46.949098,Bing,coronavirus deaths,Birx says government is classifying all deaths of patients ...
2020-06-24 19:09:46.949118,Bing,coronavirus deaths,Case data | Colorado COVID-19 Updates
2020-06-24 19:09:46.949148,Bing,coronavirus deaths,Statistics » COVID-19 Daily Deaths
2020-06-24 19:09:46.954195,Google,coronavirus deaths,"Coronavirus Update (Live): 9,499,199 ..."
2020-06-24 19:09:46.954220,Google,coronavirus deaths,Coronavirus in New York City - The City
2020-06-24 19:09:46.954237,Google,coronavirus deaths,Cases & Deaths by County | CDC
2020-06-24 19:09:46.954253,Google,coronavirus deaths,"Model projects 179,106 coronavirus deaths in US by October 1"
2020-06-24 19:09:46.954270,Google,coronavirus deaths,New York City reports first day with no confirmed coronavirus deaths ...
2020-06-24 19:09:46.954286,Google,coronavirus deaths,COVID-19: Data Summary - NYC Health - NYC.gov
2020-06-24 19:09:46.954301,Google,coronavirus deaths,"Live Blog: County Reports 332 New COVID-19 Cases, 6 More ..."
2020-06-24 19:09:46.954318,Google,coronavirus deaths,"Oklahoma reports 482 new coronavirus cases, one additional death"
2020-06-24 19:09:46.954334,Google,coronavirus deaths,"There Has Been an Increase in Other Causes of Deaths, Not Just ..."
2020-06-24 19:09:46.954350,Google,coronavirus deaths,Coronavirus (COVID-19) Deaths - Statistics and Research - Our ...
2020-06-24 19:09:46.954366,Google,coronavirus deaths,COVID-19: Data Details on Deaths - NYC Health - NYC.gov
2020-06-24 19:09:46.954382,Google,coronavirus deaths,"Graphic: Coronavirus deaths in the U.S., per day - NBC News"
2020-06-24 19:09:46.954398,Google,coronavirus deaths,CDC finds New York City coronavirus death toll may be thousands ...
2020-06-24 19:09:46.954414,Google,coronavirus deaths,Novel Coronavirus Outbreak 2020 (COVID-19) :: Washington State ...
2020-06-24 19:09:46.954430,Google,coronavirus deaths,LA County Department of Public Health
2020-06-24 19:09:46.954446,Google,coronavirus deaths,"Illinois reports 64 more coronavirus deaths, 715 new cases days ..."
2020-06-24 19:09:46.954463,Google,coronavirus deaths,Situation Update for COVID-19 - Minnesota Dept. of Health
2020-06-24 19:09:46.954479,Google,coronavirus deaths,Data Dashboard - ADHS
2020-06-24 19:09:46.954494,Google,coronavirus deaths,Coronavirus COVID-19 - Mississippi State Department of Health
2020-06-24 19:09:46.954509,Google,coronavirus deaths,"Illinois Reports 715 New Coronavirus Cases, 64 Additional Deaths ..."
2020-06-24 19:09:46.954525,Google,coronavirus deaths,COVID-19: Wisconsin Deaths | Wisconsin Department of Health ...
2020-06-24 19:09:46.954541,Google,coronavirus deaths,COVID-19 Status Report | Georgia Department of Public Health
2020-06-24 19:09:46.954557,Google,coronavirus deaths,CUNY system suffers more coronavirus deaths than any other ...
2020-06-24 19:09:46.954572,Google,coronavirus deaths,COVID-19 Home - Sacramento County
2020-06-24 19:09:46.954586,Google,coronavirus deaths,COVID-19 - CDPH - CA.gov
2020-06-24 19:09:46.954601,Google,coronavirus deaths,Race gaps in COVID-19 deaths are even bigger than they appear
2020-06-24 19:09:46.954617,Google,coronavirus deaths,North Dakota Coronavirus Cases - North Dakota Department of Health
2020-06-24 19:09:46.954633,Google,coronavirus deaths,Cases - Health.Pa.gov
2020-06-24 19:09:46.954784,Google,coronavirus deaths,"Mass. reports 172 new coronavirus cases, 48 new deaths; key ..."
2020-06-24 19:09:46.954804,Google,coronavirus deaths,Why are so many people dying of COVID-19 in New York City ...
2020-06-24 19:09:46.954822,Google,coronavirus deaths,"U.S. coronavirus deaths: Tracking cases, deaths by state and county ..."
2020-06-24 19:09:46.954839,Google,coronavirus deaths,Lack of leadership 'greatest threat' in coronavirus fight: Live | News ...
2020-06-24 19:09:46.954856,Google,coronavirus deaths,Covid-19 healthcare worker death toll: 679 deaths under ...
2020-06-24 19:09:46.954873,Google,coronavirus deaths,COVID-19 Statistics | IDPH
2020-06-24 19:09:46.954890,Google,coronavirus deaths,"Coronavirus updates: Up to 150K deaths possible by July 18, CDC ..."
2020-06-24 19:09:46.954906,Google,coronavirus deaths,SC Testing Data & Projections (COVID-19) | SCDHEC
2020-06-24 19:09:46.954923,Google,coronavirus deaths,NYC reports no new coronavirus deaths for first time since mid-March
2020-06-24 19:09:46.954939,Google,coronavirus deaths,COVID-19 in Pierce County | Tacoma-Pierce County Health ...
2020-06-24 19:09:46.954955,Google,coronavirus deaths,"Coronavirus: Florida sets new record with 5,500-plus new cases"
2020-06-24 19:09:46.954972,Google,coronavirus deaths,[PDF] EISB COVID-19 Daily Update - County of San Diego
2020-06-24 19:09:46.954989,Google,coronavirus deaths,"Coronavirus deaths in US top 100,000 - BBC News - BBC.com"
2020-06-24 19:09:46.955005,Google,coronavirus deaths,"Coronavirus: U.S. Death Toll Hits 113,914 As Cases Pass 2 Million ..."
2020-06-24 19:09:46.955022,Google,coronavirus deaths,"KCMO COVID-19 Totals | KCMO.gov - City of Kansas City, MO"
2020-06-24 19:09:46.955038,Google,coronavirus deaths,• Coronavirus deaths per million by country | Statista
2020-06-24 19:09:46.955056,Google,coronavirus deaths,[PDF] Nursing Home and ACF COVID Related Deaths ... - Health.NY.Gov
2020-06-24 19:09:46.955072,Google,coronavirus deaths,Covid-19 news: UK health leaders warn of 'real risk' of a second ...
2020-06-24 19:09:46.955090,Google,coronavirus deaths,COVID-19: Death Data in England – update 23rd June - CEBM
2020-06-24 19:09:46.955107,Google,coronavirus deaths,"As US Nursing-Home Deaths Reach 50000, States Ease Lockdowns"
2020-06-24 19:09:46.955124,Google,coronavirus deaths,"Texas coronavirus death toll passes 2,000 | The Texas Tribune"
2020-06-24 19:09:46.955140,Google,coronavirus deaths,kycovid19.ky.gov
2020-06-24 19:09:46.955156,Google,coronavirus deaths,Coronavirus disease 2019 - World Health Organization
2020-06-24 19:09:46.955172,Google,coronavirus deaths,Coronavirus Updates - Phoebe Putney
2020-06-24 19:09:46.955188,Google,coronavirus deaths,New DOH report: Coronavirus transmission increasing in Washington
2020-06-24 19:09:46.955204,Google,coronavirus deaths,Coronavirus Illinois deaths mapped by county; COVID-19 victims ...
2020-06-24 19:09:46.955221,Google,coronavirus deaths,"VDH: 59,514 total cases of COVID-19 in Virginia, 1,661 deaths"
2020-06-24 19:09:46.955237,Google,coronavirus deaths,The people we've lost to coronavirus - CBS News
2020-06-24 19:09:46.955253,Google,coronavirus deaths,Most US COVID-19 deaths have been in Democratic congressional ...
2020-06-24 19:09:46.955269,Google,coronavirus deaths,A faster response could have prevented most U.S. Covid-19 deaths ...
2020-06-24 19:09:46.955286,Google,coronavirus deaths,Coronavirus (COVID-19) current situation and case numbers ...
2020-06-24 19:09:46.955302,Google,coronavirus deaths,Orange County reports highest number of single-day coronavirus ...
2020-06-24 19:09:46.955319,Google,coronavirus deaths,"Coronavirus Map: Updated number of COVID-19 cases, deaths in ..."
2020-06-24 19:09:46.955335,Google,coronavirus deaths,Coronavirus (COVID-19) Data Dashboard - Novel Coronavirus ...
2020-06-24 19:09:46.955352,Google,coronavirus deaths,"Coronavirus Death Toll Tops 5,000 at Mass. Long-Term Care ..."
2020-06-24 19:09:46.955368,Google,coronavirus deaths,Nursing homes continue to be hit hard by coronavirus deaths
2020-06-24 19:09:46.955385,Google,coronavirus deaths,"Tarrant County Reports 460 New COVID-19 Cases Wednesday, 4 ..."
2020-06-24 19:09:46.955401,Google,coronavirus deaths,"Florida sets new single-day record of COVID-19 with over 5,500 new ..."
2020-06-24 19:09:46.955418,Google,coronavirus deaths,"COVID-19 Infections, Deaths Higher Among Those With Intellectual ..."
2020-06-24 19:09:46.955434,Google,coronavirus deaths,"UPDATE: 37,235 COVID-19 cases, 556 deaths reported in ..."
2020-06-24 19:09:46.955450,Google,coronavirus deaths,"Montgomery County reports 5 more coronavirus deaths, 38 new ..."
2020-06-24 19:09:46.955467,Google,coronavirus deaths,Coronavirus Update: N.H. Reports 4 Additional COVID-19 Deaths ...
2020-06-24 19:09:46.955483,Google,coronavirus deaths,"Arizona reports single-day high of 79 coronavirus deaths, but not all ..."
2020-06-24 19:09:46.955500,Google,coronavirus deaths,"New Mexico reports 4 new deaths, 156 additional COVID-19 cases ..."
2020-06-24 19:09:46.955516,Google,coronavirus deaths,COVID-19 Nursing Home Data | Data.CMS.gov
2020-06-24 19:09:46.955547,Google,coronavirus deaths,"US could see 150,000 coronavirus deaths by July 18: CDC"
2020-06-24 19:09:46.955563,Google,coronavirus deaths,Florida Department of Health Updates New COVID-19 Cases ...
2020-06-24 19:09:46.955579,Google,coronavirus deaths,"New forecast predicts 180,000 U.S. deaths from COVID-19 by ..."
2020-06-24 19:09:46.955595,Google,coronavirus deaths,"Oregon coronavirus death toll hits 195, statewide cases at 7,444 ..."
2020-06-24 19:09:46.955612,Google,coronavirus deaths,"Updated New Mexico COVID-19 cases: Now at 10,990; four ..."
2020-06-24 19:09:46.955628,Google,coronavirus deaths,The Uncounted Dead | FiveThirtyEight
2020-06-24 19:09:46.955643,Google,coronavirus deaths,"San Bernardino County reports 397 new coronavirus cases, 11 ..."
2020-06-24 19:09:46.955660,Google,coronavirus deaths,Coronavirus statistics: Latest numbers on COVID-19 cases and ...
2020-06-24 19:09:46.955676,Google,coronavirus deaths,December deaths of California children may be coronavirus related ...
2020-06-24 19:09:46.955692,Google,coronavirus deaths,Assessment of Deaths From COVID-19 and From Seasonal ...
2020-06-24 19:09:46.955708,Google,coronavirus deaths,The US Death Rate From The Coronavirus Is 49 Times Higher Than ...
2020-06-24 19:09:46.955724,Google,coronavirus deaths,"Coronavirus and COVID-19 research, safety information - Business ..."
2020-06-24 19:09:46.955741,Google,coronavirus deaths,Drug recently shown to reduce coronavirus death risk could run out ...
2020-06-24 19:09:46.955757,Google,coronavirus deaths,"Coronavirus Deaths in Latin America, Caribbean Surge Past 100000"
2020-06-24 19:09:46.955774,Google,coronavirus deaths,Colorado amends coronavirus death count - says fewer have died of ...
2020-06-24 19:09:46.955791,Google,coronavirus deaths,"Florida adds 5,511 coronavirus cases as weekly death average ticks ..."
2020-06-24 19:09:46.955807,Google,coronavirus deaths,"Maine reports 23 new COVID-19 cases, no additional deaths ..."
2020-06-24 19:09:46.955824,Google,coronavirus deaths,Coronavirus deaths in Stanislaus County CA reach 37 | Modesto Bee
2020-06-24 19:09:46.955840,Google,coronavirus deaths,Coronavirus live updates: Ninth US death is confirmed - USA Today
2020-06-24 19:09:46.955856,Google,coronavirus deaths,Coronavirus death toll at neighboring care facilities in Metro Detroit ...
2020-06-24 19:09:46.955872,Google,coronavirus deaths,China ups coronavirus death toll | CIDRAP
2020-06-24 19:09:46.955888,Google,coronavirus deaths,Illinois coronavirus deaths: Remembering those who lost their lives ...
2020-06-24 19:09:46.955904,Google,coronavirus deaths,First known U.S. coronavirus death occurred on Feb. 6 in Santa ...
2020-06-24 19:12:24.988422,Bing,supreme court decision,Opinions - Supreme Court of the United States
2020-06-24 19:12:24.988464,Bing,supreme court decision,Home - Supreme Court of the United States
2020-06-24 19:12:24.988488,Bing,supreme court decision,Supreme Court: Table Of Contents | Supreme Court | US Law ...
2020-06-24 19:12:24.988511,Bing,supreme court decision,Supreme Court: SCOTUS Decisions & News on the U.S. Federal ...
2020-06-24 19:12:24.988532,Bing,supreme court decision,Supreme Court Justices Split Along Unexpected Lines In 3 ...
2020-06-24 19:12:24.988553,Bing,supreme court decision,Supreme Court DACA decision: Justices rule against Trump ...
2020-06-24 19:12:24.988575,Bing,supreme court decision,Supreme Court decisions: The top 10 cases of 2019 - USA TODAY
2020-06-24 19:12:24.988596,Bing,supreme court decision,The 7 big Supreme Court cases to watch in 2020 | TheHill
2020-06-24 19:12:24.988617,Bing,supreme court decision,Supreme Court Decision Tracker - USA TODAY
2020-06-24 19:12:24.988638,Bing,supreme court decision,Texas v. Johnson - Wikipedia
2020-06-24 19:12:24.988658,Bing,supreme court decision,Supreme Court | Fox News
2020-06-24 19:12:24.988679,Bing,supreme court decision,Bush v. Gore - Wikipedia
2020-06-24 19:12:24.988698,Bing,supreme court decision,SCOTUSblog - The Supreme Court of the United States blog
2020-06-24 19:12:24.988719,Bing,supreme court decision,Opinions of the Court - 2019 - Home - Supreme Court of the ...
2020-06-24 19:12:24.988740,Bing,supreme court decision,Supreme Decision | iCivics
2020-06-24 19:12:24.988760,Bing,supreme court decision,3 Ways to Overturn a Supreme Court Decision - Liberty Project
2020-06-24 19:12:24.988780,Bing,supreme court decision,US Supreme Court Procedures and Decisions
2020-06-24 19:12:24.988800,Bing,supreme court decision,"Supreme Court cases, October term 2019-2020 - Ballotpedia"
2020-06-24 19:12:24.988820,Bing,supreme court decision,US Supreme Court Recent Cases | FindLaw
2020-06-24 19:12:24.988839,Bing,supreme court decision,Obergefell v. Hodges - Wikipedia
2020-06-24 19:12:24.988858,Bing,supreme court decision,"Supreme Court: Latest News, Top Stories & Analysis - POLITICO"
2020-06-24 19:12:24.988879,Bing,supreme court decision,Supreme Court Procedures | United States Courts
2020-06-24 19:12:24.988898,Bing,supreme court decision,Supreme Court blocks Trump from ending DACA - ABC News
2020-06-24 19:12:24.988917,Bing,supreme court decision,List of landmark court decisions in the United States ...
2020-06-24 19:12:24.988943,Bing,supreme court decision,"Dred Scott Case - Decision, Definition & Impact - HISTORY"
2020-06-24 19:12:24.988963,Bing,supreme court decision,"In landmark case, Supreme Court rules LGBTQ workers are ..."
2020-06-24 19:12:24.988982,Bing,supreme court decision,US Supreme Court Opinions and Cases | FindLaw
2020-06-24 19:12:24.989001,Bing,supreme court decision,Lists of United States Supreme Court cases - Wikipedia
2020-06-24 19:12:24.989021,Bing,supreme court decision,Supreme Court's LGBTQ ruling could have 'broad ...
2020-06-24 19:12:24.989041,Bing,supreme court decision,Obamacare: Supreme Court ruling could affect nearly all ...
2020-06-24 19:12:24.989061,Bing,supreme court decision,Supreme Court rules jury verdicts must be unanimous
2020-06-24 19:12:24.989080,Bing,supreme court decision,Decided cases - The Supreme Court
2020-06-24 19:12:24.989100,Bing,supreme court decision,Decisions and Resources - SCC Cases (Lexum)
2020-06-24 19:12:24.989118,Bing,supreme court decision,"DACA, LGBTQ decisions leave some conservatives with ..."
2020-06-24 19:12:24.989137,Bing,supreme court decision,Opinion Search - Supreme Court of Ohio
2020-06-24 19:12:24.989157,Bing,supreme court decision,Two Supreme Court jaw droppers: The LGBTQ decision and you ...
2020-06-24 19:12:24.989182,Bing,supreme court decision,SUPREME COURT OF THE UNITED STATES
2020-06-24 19:12:24.989201,Bing,supreme court decision,Decisions - Home | NYCOURTS.GOV
2020-06-24 19:12:24.989219,Bing,supreme court decision,Supreme Court News - CNN
2020-06-24 19:12:24.989238,Bing,supreme court decision,Live updates: It's the last day of the Supreme Court ... - CNN
2020-06-24 19:12:24.989257,Bing,supreme court decision,Supreme Court of the Philippines
2020-06-24 19:12:24.989275,Bing,supreme court decision,Opinions of the Court - 2017 - Home - Supreme Court of the ...
2020-06-24 19:12:24.989295,Bing,supreme court decision,Acting DHS chief Chad Wolf says DACA will continue ...
2020-06-24 19:12:24.989314,Bing,supreme court decision,45 landmark Supreme Court cases that ... - Business Insider
2020-06-24 19:12:24.989334,Bing,supreme court decision,CNN's Jeffrey Toobin explains Supreme Court decision on ...
2020-06-24 19:12:24.989353,Bing,supreme court decision,Supreme Court - supreme_court - Supreme Court of California
2020-06-24 19:12:24.989372,Bing,supreme court decision,READ: Supreme Court decision on Wisconsin primary election ...
2020-06-24 19:12:24.989391,Bing,supreme court decision,Supreme Court - HISTORY
2020-06-24 19:12:24.995198,Google,supreme court decision,Opinions - Supreme Court of the United States
2020-06-24 19:12:24.995238,Google,supreme court decision,[PDF] 18-587 Department of Homeland Security v ... - Supreme Court
2020-06-24 19:12:24.995259,Google,supreme court decision,Supreme Court of the United States: Home
2020-06-24 19:12:24.995278,Google,supreme court decision,SCOTUSblog - The Supreme Court of the United States blog
2020-06-24 19:12:24.995297,Google,supreme court decision,USCIS Statement on Supreme Court's DACA Decision | USCIS
2020-06-24 19:12:24.995315,Google,supreme court decision,2019-2020 Term | Oyez
2020-06-24 19:12:24.995333,Google,supreme court decision,DHS Statement On Supreme Court Decision on DACA | Homeland ...
2020-06-24 19:12:24.995352,Google,supreme court decision,Recent Supreme Court decisions show it can be hard for presidents ...
2020-06-24 19:12:24.995369,Google,supreme court decision,Supreme Court DACA ruling: Justices block Trump's bid to end ...
2020-06-24 19:12:24.995387,Google,supreme court decision,Supreme Court: SCOTUS Decisions & News on the U.S. Federal ...
2020-06-24 19:12:24.995405,Google,supreme court decision,Supreme Court Landmarks | United States Courts
2020-06-24 19:12:24.995423,Google,supreme court decision,Why Trump Keeps Losing at the Supreme Court - The Atlantic
2020-06-24 19:12:24.995441,Google,supreme court decision,Supreme Court Delivers Major Victory To LGBTQ Employees : NPR
2020-06-24 19:12:24.995459,Google,supreme court decision,Presidential Proclamation 9645 and Presidential Proclamation 9983
2020-06-24 19:12:24.995479,Google,supreme court decision,Supreme Court rules against Trump administration bid to end DACA ...
2020-06-24 19:12:24.995497,Google,supreme court decision,"Trump Can't Shut Down DACA, Supreme Court Rules - The New ..."
2020-06-24 19:12:24.995515,Google,supreme court decision,"Civil Rights Law Protects L.G.B.T. Workers, Supreme Court Rules ..."
2020-06-24 19:12:24.995533,Google,supreme court decision,Top US Supreme Court Decisions Fast Facts - CNN
2020-06-24 19:12:24.995550,Google,supreme court decision,The 7 most anticipated Supreme Court decisions | TheHill
2020-06-24 19:12:24.995567,Google,supreme court decision,Supreme Court's LGBTQ discrimination case divides faith leaders
2020-06-24 19:12:24.995585,Google,supreme court decision,Lists of United States Supreme Court cases - Wikipedia
2020-06-24 19:12:24.995603,Google,supreme court decision,Supreme Court: Table Of Contents | Supreme Court | US Law | LII ...
2020-06-24 19:12:24.995620,Google,supreme court decision,US Supreme Court Opinions and Cases | FindLaw
2020-06-24 19:12:24.995637,Google,supreme court decision,Supreme Court decisions - Documents - Los Angeles Times
2020-06-24 19:12:24.995654,Google,supreme court decision,Opinions - Supreme Court
2020-06-24 19:12:24.995671,Google,supreme court decision,Spring 2020 Opinion List - Supreme Court of Appeals of West Virginia
2020-06-24 19:12:24.995688,Google,supreme court decision,Supreme Court - supreme_court - California Courts
2020-06-24 19:12:24.995705,Google,supreme court decision,Supreme Court rejects Trump effort to end DACA - POLITICO
2020-06-24 19:12:24.995797,Google,supreme court decision,U.S. Supreme Court - AP News
2020-06-24 19:12:24.995816,Google,supreme court decision,Letter to the community: Pausing to appreciate two Supreme Court ...
2020-06-24 19:12:24.995834,Google,supreme court decision,Olmstead: Community Integration for Everyone -- About Us Page
2020-06-24 19:12:24.995851,Google,supreme court decision,The Judicial Branch | The White House
2020-06-24 19:12:24.995869,Google,supreme court decision,US Supreme Court backs protection for LGBT workers - BBC News
2020-06-24 19:12:24.995886,Google,supreme court decision,Supreme Court bans LGBT employment discrimination - ABC News
2020-06-24 19:12:24.995904,Google,supreme court decision,Opinions & Memorandum Decisions Home - Arizona Judicial Branch
2020-06-24 19:12:24.995921,Google,supreme court decision,Supreme Court: Abortion case could end or add to liberal win streak
2020-06-24 19:12:24.995939,Google,supreme court decision,Trump: U.S. Supreme Court decisions 'horrible' - Reuters
2020-06-24 19:12:24.995956,Google,supreme court decision,Supreme Court Decisions - State of Mississippi Judiciary
2020-06-24 19:12:24.995974,Google,supreme court decision,Opinion Search - Supreme Court of Ohio
2020-06-24 19:12:24.995991,Google,supreme court decision,Landmark Supreme Court ruling could redefine Title IX
2020-06-24 19:12:24.996009,Google,supreme court decision,Dear Sophie: What does the Supreme Court's DACA decision mean ...
2020-06-24 19:12:24.996027,Google,supreme court decision,Supreme Court Opinions - Minnesota Judicial Branch
2020-06-24 19:12:24.996045,Google,supreme court decision,Supreme Court Rules for Gay and Transgender Rights in the ...
2020-06-24 19:12:24.996063,Google,supreme court decision,Possible Supreme Court decision on DACA expected - YouTube
2020-06-24 19:12:24.996080,Google,supreme court decision,Courts - Supreme Court - Case ... - Colorado Judicial Branch
2020-06-24 19:12:24.996098,Google,supreme court decision,The Three People at the Center of the Landmark Supreme Court ...
2020-06-24 19:12:24.996117,Google,supreme court decision,Justia US Supreme Court Center
2020-06-24 19:12:24.996133,Google,supreme court decision,Recent Supreme Court Opinions - Illinois Courts
2020-06-24 19:12:24.996151,Google,supreme court decision,Six Tips for Responding to Supreme Court Decisions | The ...
2020-06-24 19:12:24.996168,Google,supreme court decision,Supreme Court's Landmark LGBTQ Employment Decision Is Even ...
2020-06-24 19:12:24.996186,Google,supreme court decision,Statement: Supreme Court Decision on DACA - Advocates for Youth
2020-06-24 19:12:24.996204,Google,supreme court decision,Supreme Decision | iCivics
2020-06-24 19:12:24.996221,Google,supreme court decision,Opinions - Home Page - Washington State Courts
2020-06-24 19:12:24.996239,Google,supreme court decision,Supreme Court Finds LGBT People Are Protected From Employment ...
2020-06-24 19:12:24.996257,Google,supreme court decision,courts.in.gov: Appellate Decisions
2020-06-24 19:12:24.996275,Google,supreme court decision,Supreme Court of Kentucky - Kentucky Court of Justice
2020-06-24 19:12:24.996292,Google,supreme court decision,1937 Supreme Court Rulings - Social Security History
2020-06-24 19:12:24.996309,Google,supreme court decision,Supreme Court Case Quick Updates - American Bar Association
2020-06-24 19:12:24.996327,Google,supreme court decision,Table of Supreme Court Decisions Overruled by Subsequent ...
2020-06-24 19:12:24.996344,Google,supreme court decision,Supreme Court Opinions : Supreme ... - Oregon Judicial Department
2020-06-24 19:12:24.996361,Google,supreme court decision,Supreme Court Opinions - State of Maine Judicial Branch
2020-06-24 19:12:24.996378,Google,supreme court decision,Opinions - NJ Courts
2020-06-24 19:12:24.996395,Google,supreme court decision,Supreme Court decision calls HHS' reversal of LGBTQ protections ...
2020-06-24 19:12:24.996412,Google,supreme court decision,Live Webinars: The Supreme Court's Decision on DACA | United We ...
2020-06-24 19:12:24.996429,Google,supreme court decision,supreme court Opinions and Orders 212 Opinions - Delaware Courts
2020-06-24 19:12:24.996446,Google,supreme court decision,"Supreme Court Decisions, 1938–39: CQR"
2020-06-24 19:12:24.996464,Google,supreme court decision,Congresswoman Escobar Statement on Supreme Court Decision ...
2020-06-24 19:12:24.996481,Google,supreme court decision,Supreme Court | North Carolina Judicial Branch
2020-06-24 19:12:24.996498,Google,supreme court decision,"As Supreme Court ruling on DACA looms, Berkeley is students ..."
2020-06-24 19:12:24.996515,Google,supreme court decision,Supreme Court decision on LGBTQ workers is a huge deal for ...
2020-06-24 19:12:24.996533,Google,supreme court decision,South Carolina judge issues ruling contrary to state Supreme Court ...
2020-06-24 19:12:24.996550,Google,supreme court decision,Supreme Court of Nevada - Nevada Judiciary
2020-06-24 19:12:24.996567,Google,supreme court decision,New York Official Reports Decisions - New York State Courts
2020-06-24 19:12:24.996584,Google,supreme court decision,Supreme Court Opinions | Nebraska Judicial Branch
2020-06-24 19:12:24.996602,Google,supreme court decision,"Supreme Court cases, October term 2019-2020 - Ballotpedia"
2020-06-24 19:12:24.996618,Google,supreme court decision,Supreme Court | Vermont Judiciary
2020-06-24 19:12:24.996635,Google,supreme court decision,DACA Decision at the Supreme Court 2020 - Informed Immigrant
2020-06-24 19:12:24.996652,Google,supreme court decision,A Landmark Supreme Court Decision Affirms LGBTQ Rights
2020-06-24 19:12:24.996669,Google,supreme court decision,U.S. Supreme Court Decision Grants Job Protections to LGBTQ
2020-06-24 19:12:24.996686,Google,supreme court decision,The Supreme Court Database
2020-06-24 19:12:24.996702,Google,supreme court decision,Atlantic Coast Pipeline problems persist despite Supreme Court ...
2020-06-24 19:12:24.996720,Google,supreme court decision,New opinions | Mass.gov
2020-06-24 19:12:24.996736,Google,supreme court decision,U.S. Supreme Court
2020-06-24 19:12:24.996753,Google,supreme court decision,Understanding the 2020 Supreme Court Decision on DACA - ILRC
2020-06-24 19:12:24.996770,Google,supreme court decision,SupremeCourt - Rhode Island Court
2020-06-24 19:12:24.996787,Google,supreme court decision,Supreme Court: Title VII Protects LGTBQ+ Employees | Jackson Lewis
2020-06-24 19:12:24.996805,Google,supreme court decision,TJB | SC | Orders & Opinions - Texas Courts
2020-06-24 19:12:24.996821,Google,supreme court decision,When Supreme Court justices defy expectations - The Conversation
2020-06-24 19:12:24.996839,Google,supreme court decision,"The Supreme Court's LGBTQ ruling, explained in 5 sentences - Vox"
2020-06-24 19:12:24.996856,Google,supreme court decision,The Supreme Court's Ominous DACA Decision: Perils for Dreamers ...
2020-06-24 19:12:24.996874,Google,supreme court decision,"Most Voters Support Supreme Court Decisions on DACA, Workplace ..."
2020-06-24 19:12:24.996892,Google,supreme court decision,Supreme Court decision on the Affordable Care Act - NCBI
2020-06-24 19:12:24.996910,Google,supreme court decision,Attorney General James Lauds Supreme Court Decision Protecting ...
2020-06-24 19:12:24.996927,Google,supreme court decision,'No Contest': Gorsuch Leads SCOTUS Ruling That Protects LGBT ...
2020-06-24 19:12:24.996944,Google,supreme court decision,Statement from Mayor Bowser on Supreme Court Decision ... - DC.gov
2020-06-24 19:12:24.996961,Google,supreme court decision,President of US Bishops' Conference Issues Statement on Supreme ...
2020-06-24 19:12:24.996979,Google,supreme court decision,"Students, professors discuss Supreme Court decision"
2020-06-24 19:12:24.996997,Google,supreme court decision,Roanoke LGBTQ leaders celebrate Supreme Court decision
2020-06-24 19:12:24.997015,Google,supreme court decision,Surprise Gorsuch opinion fits Supreme Court pattern of setting aside ...
2020-06-24 19:17:39.425616,Bing,trump reelection,Donald J. Trump - Official Site
2020-06-24 19:17:39.425662,Bing,trump reelection,"Trump's re-election is approaching the danger zone, polls show"
2020-06-24 19:17:39.425687,Bing,trump reelection,Trump's presidency is in a tailspin. His reelection may ...
2020-06-24 19:17:39.425710,Bing,trump reelection,"‘We’re thinking landslide’: Beyond D.C., GOP officials see ..."
2020-06-24 19:17:39.425734,Bing,trump reelection,Michael Moore warns Dems about a Trump reelection: 'He ...
2020-06-24 19:17:39.425755,Bing,trump reelection,Dems Will Be Furious After College Professor Says Trump ...
2020-06-24 19:17:39.425776,Bing,trump reelection,Donald Trump Reelection a Much Tougher Road Than Most ...
2020-06-24 19:17:39.425797,Bing,trump reelection,Will Trump Win Reelection? His 2020 Odds Are Pretty High
2020-06-24 19:17:39.425817,Bing,trump reelection,How Donald Trump wins the 2020 presidential election ... - CNN
2020-06-24 19:17:39.425838,Bing,trump reelection,How Trump Could Lose the Election and Remain President ...
2020-06-24 19:17:39.425857,Bing,trump reelection,Donald Trump 2020 presidential campaign - Wikipedia
2020-06-24 19:17:39.425876,Bing,trump reelection,What history tells us about Donald Trump’s reelection ...
2020-06-24 19:17:39.425896,Bing,trump reelection,Donald Trump’s Re-Election Chances Are Dwindling - Bloomberg
2020-06-24 19:17:39.425917,Bing,trump reelection,Swing-state Republicans warn Trump's reelection is on ...
2020-06-24 19:17:39.425936,Bing,trump reelection,Trump campaign staffers: The top aides guiding president’s ...
2020-06-24 19:17:39.425956,Bing,trump reelection,Report: Trump’s Reelection Polls Aren’t Good—and He’s ...
2020-06-24 19:17:39.426008,Bing,trump reelection,"Trump on course for reelection, even if he loses the ..."
2020-06-24 19:17:39.426026,Bing,trump reelection,Why coronavirus will not cost Trump reelection: Goodwin
2020-06-24 19:17:39.426044,Bing,trump reelection,Trump Strategizes With Campaign Advisers on Reelection ...
2020-06-24 19:17:39.426062,Bing,trump reelection,Trump 2020 Re-Election Efforts Raise $212 Million for ...
2020-06-24 19:17:39.426080,Bing,trump reelection,Can Donald Trump win re-election despite the coronavirus ...
2020-06-24 19:17:39.426114,Bing,trump reelection,"Donald J. Trump for President, Inc."
2020-06-24 19:17:39.426133,Bing,trump reelection,How Trump's Divisive Rhetoric Could Hurt Republicans | Time
2020-06-24 19:17:39.426154,Bing,trump reelection,How Coronavirus Could Affect Donald Trump's Re-Election | Time
2020-06-24 19:17:39.426172,Bing,trump reelection,George W. Bush won't support Donald Trump’s reelection ...
2020-06-24 19:17:39.426192,Bing,trump reelection,Official Trump Store | Brand New Merchandise – Trump Make ...
2020-06-24 19:17:39.426211,Bing,trump reelection,Get Involved | SMS | Donald J. Trump for President
2020-06-24 19:17:39.426229,Bing,trump reelection,Nolte: Polls Show Trump's Re-Election Numbers Trending the ...
2020-06-24 19:17:39.426248,Bing,trump reelection,Murkowski Struggles With Whether To Support Trump Reelection
2020-06-24 19:17:39.426283,Bing,trump reelection,War chest: Trump’s reelection campaign has raised an ...
2020-06-24 19:17:39.426303,Bing,trump reelection,Trump Is The Most Unpopular President ... - FiveThirtyEight
2020-06-24 19:17:39.426321,Bing,trump reelection,New Polls Show Trump’s Re-election Chances are Diminishing
2020-06-24 19:17:39.426341,Bing,trump reelection,The George Floyd protests will not help Trump win ...
2020-06-24 19:17:39.426360,Bing,trump reelection,Did Wendy's CEO Donate to Trump's Re-Election Campaign?
2020-06-24 19:17:39.426379,Bing,trump reelection,Trump's Ohio struggles are a bad omen for his ... - USA TODAY
2020-06-24 19:17:39.426398,Bing,trump reelection,2020 Election: Why Trump’s Second Term Would Be ...
2020-06-24 19:17:39.426417,Bing,trump reelection,How Trump can win re-election in a pandemic
2020-06-24 19:17:39.426436,Bing,trump reelection,Trump's 2020 election hurdle isn't ... - Los Angeles Times
2020-06-24 19:17:39.426455,Bing,trump reelection,"In crucial Florida, some senior voters cast a skeptical ..."
2020-06-24 19:17:39.426473,Bing,trump reelection,Trump Reelection Numbers Collapse As Joe Biden Behaves ...
2020-06-24 19:17:39.426492,Bing,trump reelection,Trump’s Attack On China Could Ruin His Re-Election Bid
2020-06-24 19:17:39.426512,Bing,trump reelection,Can Lindsey Graham Win Reelection as a Trump Enabler ...
2020-06-24 19:17:39.426531,Bing,trump reelection,Trump’s Reelection May Hinge On The Economy — And ...
2020-06-24 19:17:39.426550,Bing,trump reelection,The first fast-food franchisee to advise Trump on ...
2020-06-24 19:17:39.426568,Bing,trump reelection,Report that Bush won't support Trump reelection ...
2020-06-24 19:17:39.426587,Bing,trump reelection,Trump is on track to win reelection - The Washington Post
2020-06-24 19:17:39.426605,Bing,trump reelection,Report: Karl Rove Advising Trump's Reelection Campaign
2020-06-24 19:17:39.426623,Bing,trump reelection,LEE CAMP: Trump Will Win Reelection Unless We Do One Thing ...
2020-06-24 19:17:39.432392,Google,trump reelection,Trump is in a precarious position for re-election – but he still has a ...
2020-06-24 19:17:39.432420,Google,trump reelection,"Beyond DC, GOP officials see Trump on glide path to reelection"
2020-06-24 19:17:39.432439,Google,trump reelection,Coronavirus stimulus: Trump's reelection prospects hang over GOP ...
2020-06-24 19:17:39.432457,Google,trump reelection,Trump's presidency is in a tailspin. His reelection may survive it ...
2020-06-24 19:17:39.432474,Google,trump reelection,Donald Trump 2020 presidential campaign - Wikipedia
2020-06-24 19:17:39.432491,Google,trump reelection,"Trump's re-election is approaching the danger zone, polls show"
2020-06-24 19:17:39.432509,Google,trump reelection,Trump's Reelection May Hinge On Getting Voters to Hate Joe Biden ...
2020-06-24 19:17:39.432525,Google,trump reelection,Why the Electoral College may not be able to save Trump - Business ...
2020-06-24 19:17:39.432542,Google,trump reelection,Presidential job approval: Trump's re-election prospects look bleak
2020-06-24 19:17:39.432559,Google,trump reelection,Bolton's new book blows apart one of Trump's biggest reelection ...
2020-06-24 19:17:39.432576,Google,trump reelection,Why Do Trump Supporters Act Like His Reelection Is Certain?
2020-06-24 19:17:39.432592,Google,trump reelection,The Memo: Trump's 2020 path gets steeper | TheHill
2020-06-24 19:17:39.432608,Google,trump reelection,Donald J. Trump for President: Home
2020-06-24 19:17:39.432624,Google,trump reelection,Trump's Potemkin Reelection Campaign | The New Republic
2020-06-24 19:17:39.432641,Google,trump reelection,Column: With coronavirus cases rising and Trump's reelection ...
2020-06-24 19:17:39.432658,Google,trump reelection,Fact check: Restaurant chains don't directly donate to Trump campaign
2020-06-24 19:17:39.432676,Google,trump reelection,Donald Trump Reelection a Much Tougher Road Than Most Think ...
2020-06-24 19:17:39.432692,Google,trump reelection,"Protests in US not to reduce possibility of Trump's reelection, says ..."
2020-06-24 19:17:39.432710,Google,trump reelection,Does Trump Want to Fight to Win 2020 Election? His Aides Are ...
2020-06-24 19:17:39.432726,Google,trump reelection,Soothing Trump's Insecurities Is Getting Expensive - The Atlantic
2020-06-24 19:17:39.432743,Google,trump reelection,"George W. Bush won't support Donald Trump's reelection, report says"
2020-06-24 19:17:39.432759,Google,trump reelection,"Trump's Response To Coronavirus, Race Has Put Him In A ... - NPR"
2020-06-24 19:17:39.432775,Google,trump reelection,Trump 2020 Campaign | Fox News
2020-06-24 19:17:39.432791,Google,trump reelection,Trump's Reelection Odds Fall Further as Health Concerns Arise
2020-06-24 19:17:39.432808,Google,trump reelection,Trump's re-election chances pummeled by his handling of protests ...
2020-06-24 19:17:39.432824,Google,trump reelection,Trump Will Ride This 'American Carnage' To Reelection — If We Let ...
2020-06-24 19:17:39.432841,Google,trump reelection,From the desk of… Trump's reelection hopes taking a beating – The ...
2020-06-24 19:17:39.432940,Google,trump reelection,Donald Trump's Re-Election Chances Are Dwindling - Bloomberg
2020-06-24 19:17:39.432959,Google,trump reelection,Model voters - Meet our US 2020 election-forecasting model | United ...
2020-06-24 19:17:39.432977,Google,trump reelection,How Trump's Divisive Rhetoric Could Hurt Republicans | Time
2020-06-24 19:17:39.432994,Google,trump reelection,Sen. Bernie Sanders Is Doing Everything to Prevent Trump's ...
2020-06-24 19:17:39.433011,Google,trump reelection,Demonizing demonstrators won't win Trump reelection | Newsday
2020-06-24 19:17:39.433028,Google,trump reelection,Trump confidantes push him to drop campaign manager Brad ...
2020-06-24 19:17:39.433045,Google,trump reelection,Polls show Biden ahead of Trump in battleground state Michigan
2020-06-24 19:17:39.433062,Google,trump reelection,"George W. Bush won't support Donald Trump's reelection, report ..."
2020-06-24 19:17:39.433080,Google,trump reelection,"Trump reelection machine gains steam in Florida, where base not ..."
2020-06-24 19:17:39.433097,Google,trump reelection,New poll finds most voters believe Trump will win reelection — even ...
2020-06-24 19:17:39.433114,Google,trump reelection,Trump's Reelection Prospects Dim as George Floyd Protests Grow ...
2020-06-24 19:17:39.433131,Google,trump reelection,President Trump Comes to Dallas to Resume Fundraising for ...
2020-06-24 19:17:39.433147,Google,trump reelection,Advisers give Donald Trump the edge over Joe Biden in reelection bid
2020-06-24 19:17:39.433164,Google,trump reelection,Trump banks on the economy — and his reelection prospects ...
2020-06-24 19:17:39.433180,Google,trump reelection,Trump's re-election hopes get shaky with recent Biden gains
2020-06-24 19:17:39.433196,Google,trump reelection,Taco Bell CEO denies donating to Trump re-election campaign | Fox ...
2020-06-24 19:17:39.433212,Google,trump reelection,Trump Reelection Campaign Attacks Biden As 'Architect' Of The War ...
2020-06-24 19:17:39.433229,Google,trump reelection,Biden Predicts 'There Will Be No NATO' If Trump Wins Reelection
2020-06-24 19:17:39.433245,Google,trump reelection,Top Republicans are reportedly getting very worried about Trump's ...
2020-06-24 19:17:39.433261,Google,trump reelection,Trump meets with top campaign aides as re-election fears rise
2020-06-24 19:17:39.433277,Google,trump reelection,Mackowiak On Trump's Reelection Chances As Of Today
2020-06-24 19:17:39.433293,Google,trump reelection,"Amid protests, Trump talks of war — and reelection | Star Tribune"
2020-06-24 19:17:39.433310,Google,trump reelection,John Bolton: The Scandal of Trump's China Policy - WSJ
2020-06-24 19:17:39.433326,Google,trump reelection,What history tells us about Donald Trump's reelection prospects
2020-06-24 19:17:39.433342,Google,trump reelection,Historic unemployment rate upends Trump's reelection bid - ABC ...
2020-06-24 19:17:39.433358,Google,trump reelection,Essential Politics: Trump's reelection just got tougher - Los Angeles ...
2020-06-24 19:17:39.433374,Google,trump reelection,Trump's Focus on His Base Complicates Path to Reelection – NBC ...
2020-06-24 19:17:39.433391,Google,trump reelection,During the Rally: President Trump and his campaign make their ...
2020-06-24 19:17:39.433408,Google,trump reelection,Trump raises $90m for re-election campaign - BBC News
2020-06-24 19:17:39.433424,Google,trump reelection,Trump's Reelection Team Desperately Seeks A Return To Mega ...
2020-06-24 19:17:39.433440,Google,trump reelection,Donald Trump re-election team denies TikTok teens behind low rally ...
2020-06-24 19:17:39.433456,Google,trump reelection,"After all of this, Trump shouldn't have a chance at reelection ..."
2020-06-24 19:17:39.433472,Google,trump reelection,Deputy press secretary Hogan Gidley leaving White House to join ...
2020-06-24 19:17:39.433488,Google,trump reelection,Trump reelection chances look bad in state polls - CNBC.com
2020-06-24 19:17:39.433504,Google,trump reelection,Trump's reelection campaign is hunting for new social media havens
2020-06-24 19:17:39.433520,Google,trump reelection,Trump says mail-in ballots are 'biggest risk' to his re-election ...
2020-06-24 19:17:39.433536,Google,trump reelection,Trump pins reelection on hopes that voters trust him to reboot ...
2020-06-24 19:17:39.433551,Google,trump reelection,Pandemic and staggering job losses put Trump in unique pinch for a ...
2020-06-24 19:17:39.433568,Google,trump reelection,What does faltering start mean for Donald Trump's reelection ...
2020-06-24 19:17:39.433583,Google,trump reelection,What does faltering start mean for Donald Trump's reelection ...
2020-06-24 19:17:39.433599,Google,trump reelection,Trump's re-election prospects complicates virus response
2020-06-24 19:17:39.433615,Google,trump reelection,"As economy goes, so may Trump's reelection chances | Editorial ..."
2020-06-24 19:17:39.433631,Google,trump reelection,"As Minneapolis burns, Trump's presidency is sinking deeper into ..."
2020-06-24 19:17:39.433647,Google,trump reelection,Republicans Try To Stop Trump's Reelection - MSN.com
2020-06-24 19:17:39.433662,Google,trump reelection,Is The Economy Still The Most Important Thing For Trump's ...
2020-06-24 19:17:39.433678,Google,trump reelection,Brad Parscale: Trump 2020 campaign manager for 2020 - CBS News
2020-06-24 19:17:39.433694,Google,trump reelection,Here's What the Pandemic Is Doing to Trump's Reelection Prospects
2020-06-24 19:17:39.433709,Google,trump reelection,The “fatal flaw” in Trump's reelection campaign - Yahoo Finance
2020-06-24 19:17:39.433725,Google,trump reelection,"Trump launches 2020 reelection campaign, calling US 'envy of the ..."
2020-06-24 19:17:39.433741,Google,trump reelection,Florida GOP lauds Donald Trump reelection efforts as presidential ...
2020-06-24 19:17:39.433757,Google,trump reelection,"As economy goes, so may Trump's reelection chances - Boston Herald"
2020-06-24 19:17:39.433773,Google,trump reelection,The Influential Evangelical Group Mobilizing to Reelect Trump
2020-06-24 19:17:39.433789,Google,trump reelection,"Oddsmakers: Senate won't convict Trump, reelection a sure thing"
2020-06-24 19:17:39.433805,Google,trump reelection,Democrats are paving Trump's road to reelection - Opinion - The ...
2020-06-24 19:17:39.433821,Google,trump reelection,Trump's focus on his base complicates path to reelection | WGME
2020-06-24 19:17:39.433837,Google,trump reelection,The Myths of the “Genius” Behind Trump's Reelection Campaign ...
2020-06-24 19:17:39.433853,Google,trump reelection,Let's analyze Donald Trump's reelection chances - The Boston Globe
2020-06-24 19:17:39.433869,Google,trump reelection,Trump is betting on the economy. Is it enough to win reelection? - PBS
2020-06-24 19:17:39.433885,Google,trump reelection,Coronavirus could complicate Trump's path to reelection - Las ...
2020-06-24 19:17:39.433901,Google,trump reelection,The Public Opinion Context for Trump's Reelection Bid - Gallup Poll
2020-06-24 19:17:39.433917,Google,trump reelection,How Pennsylvania will make or break Donald Trump's reelection bid ...
2020-06-24 19:17:39.433933,Google,trump reelection,Trump's re-election would be dangerous for the world | Financial ...
2020-06-24 19:17:39.433949,Google,trump reelection,Trumps Going to Win Reelection in 2020! Here's Why. Data ...
2020-06-24 19:17:39.433965,Google,trump reelection,Trump's Reelection Strategy: Pit Workers Against Democrats ...
2020-06-24 19:17:39.433981,Google,trump reelection,Trump's reelection campaign has its strategy all wrong — and his ...
2020-06-24 19:17:39.433997,Google,trump reelection,'Don't know how this is going to look.' Trump team grapples with an ...
2020-06-24 19:17:39.434013,Google,trump reelection,Trump Could Win Re-Election - Outside The Beltway
2020-06-24 19:17:39.434028,Google,trump reelection,Trump Kicks Off Re-Election Campaign Earlier Than Any President ...
2020-06-24 19:17:39.434044,Google,trump reelection,The NFL Is Now Part of Trump's Reelection Project | The Nation
2020-06-24 19:17:39.434060,Google,trump reelection,President Trump's reelection efforts underway in New Hampshire
2020-06-24 19:17:39.434228,Google,trump reelection,"Trump Looks Likely to Win Reelection, Investing Experts Say. Here's ..."
2020-06-24 19:17:39.434247,Google,trump reelection,Tim Murtaugh on Campaign 2020 and President Trump's Reelection ...
